home_games_played,home_points_scored,home_points_allowed,home_wins,home_losses,home_ties,away_games_played,away_points_scored,away_points_allowed,away_wins,away_losses,away_ties,total_games,avg_points_scored,avg_points_allowed,total_wins,total_losses,total_ties,win_percentage,year,team
8,35.0,27.75,5,3,0,8,32.5,23.0,6,2,0,16,33.75,25.375,11,5,0,0.6875,2016,ATL
8,25.375,24.875,6,2,0,8,20.0,22.625,4,4,0,16,22.6875,23.75,10,6,0,0.625,2016,MIA
8,21.0,17.125,7,1,0,8,17.75,18.375,4,4,0,16,19.375,17.75,11,5,0,0.6875,2016,NYG
8,24.25,15.5,6,2,0,8,21.625,25.875,1,7,0,16,22.9375,20.6875,7,9,0,0.4375,2016,PHI
8,23.5,18.0,4,3,1,8,17.125,21.375,2,6,0,16,20.3125,19.6875,6,9,1,0.40625,2016,CIN
8,22.0,20.5,6,2,0,8,21.25,24.25,3,5,0,16,21.625,22.375,9,7,0,0.5625,2016,DET
8,23.0,21.875,4,4,0,8,23.125,28.375,2,6,0,16,23.0625,25.125,6,10,0,0.375,2016,CAR
8,15.375,26.875,1,7,0,8,17.625,29.625,0,8,0,16,16.5,28.25,1,15,0,0.0625,2016,CLE
8,29.125,19.75,7,1,0,8,23.5,18.5,6,2,0,16,26.3125,19.125,13,3,0,0.8125,2016,DAL
8,23.875,15.75,6,2,0,8,24.75,23.125,6,2,0,16,24.3125,19.4375,12,4,0,0.75,2016,KC
8,22.125,18.0,5,3,0,8,18.75,20.375,3,5,0,16,20.4375,19.1875,8,8,0,0.5,2016,MIN
8,31.0,29.5,4,4,0,8,27.625,27.25,3,5,0,16,29.3125,28.375,7,9,0,0.4375,2016,NO
8,25.375,18.375,4,3,1,8,26.875,26.875,3,5,0,16,26.125,22.625,7,8,1,0.46875,2016,ARI
8,29.375,26.625,6,2,0,8,22.625,21.5,6,2,0,16,26.0,24.0625,12,4,0,0.75,2016,OAK
8,28.0,26.5,3,5,0,8,23.25,26.375,2,6,0,16,25.625,26.4375,5,11,0,0.3125,2016,SD
8,22.375,17.875,5,3,0,8,19.25,19.25,4,4,0,16,20.8125,18.5625,9,7,0,0.5625,2016,DEN
8,25.0,22.0,5,3,0,8,22.625,25.25,4,4,0,16,23.8125,23.625,9,7,0,0.5625,2016,TEN
8,17.375,22.75,2,6,0,8,17.0,28.375,3,5,0,16,17.1875,25.5625,5,11,0,0.3125,2016,NYJ
8,21.375,24.0,2,6,0,8,18.375,26.0,1,7,0,16,19.875,25.0,3,13,0,0.1875,2016,JAX
8,22.875,14.75,6,2,0,8,20.0,25.375,2,6,0,16,21.4375,20.0625,8,8,0,0.5,2016,BAL
8,20.125,16.625,7,1,0,8,14.75,24.375,2,6,0,16,17.4375,20.5,9,7,0,0.5625,2016,HOU
8,28.375,17.0,7,1,0,8,15.875,19.5,3,4,1,16,22.125,18.25,10,5,1,0.65625,2016,SEA
8,22.0,25.125,4,4,0,8,29.375,23.875,4,4,0,16,25.6875,24.5,8,8,0,0.5,2016,IND
8,20.375,26.25,1,7,0,8,18.25,33.75,1,7,0,16,19.3125,30.0,2,14,0,0.125,2016,SF
8,30.75,25.875,4,4,0,8,19.125,21.375,3,5,0,16,24.9375,23.625,7,9,0,0.4375,2016,BUF
8,26.75,15.5,6,2,0,8,28.375,15.75,8,0,0,16,27.5625,15.625,14,2,0,0.875,2016,NE
8,28.25,21.25,6,2,0,8,21.625,19.625,5,3,0,16,24.9375,20.4375,11,5,0,0.6875,2016,PIT
8,20.25,21.75,3,5,0,8,14.625,28.125,0,8,0,16,17.4375,24.9375,3,13,0,0.1875,2016,CHI
8,27.75,20.25,6,2,0,8,26.25,28.25,4,4,0,16,27.0,24.25,10,6,0,0.625,2016,GB
8,21.75,22.375,4,4,0,8,22.5,23.75,5,3,0,16,22.125,23.0625,9,7,0,0.5625,2016,TB
8,29.375,20.875,6,2,0,8,27.875,16.125,7,1,0,16,28.625,18.5,13,3,0,0.8125,2017,NE
8,20.125,20.25,6,2,0,8,17.625,24.625,3,5,0,16,18.875,22.4375,9,7,0,0.5625,2017,BUF
8,18.5,16.375,3,5,0,8,14.5,23.625,2,6,0,16,16.5,20.0,5,11,0,0.3125,2017,CHI
8,17.0,20.125,4,4,0,8,19.25,23.5,3,5,0,16,18.125,21.8125,7,9,0,0.4375,2017,CIN
8,12.75,23.375,0,8,0,8,16.5,27.875,0,8,0,16,14.625,25.625,0,16,0,0.0,2017,CLE
8,27.0,21.875,4,4,0,8,24.25,25.125,5,3,0,16,25.625,23.5,9,7,0,0.5625,2017,DET
8,24.25,20.625,6,2,0,8,17.5,23.875,3,5,0,16,20.875,22.25,9,7,0,0.5625,2017,TEN
8,24.75,25.375,3,5,0,8,17.5,29.125,1,7,0,16,21.125,27.25,4,12,0,0.25,2017,HOU
8,17.375,20.25,4,4,0,8,22.625,27.75,3,5,0,16,20.0,24.0,7,9,0,0.4375,2017,GB
8,21.875,28.125,3,5,0,8,19.5,19.75,3,5,0,16,20.6875,23.9375,6,10,0,0.375,2017,SF
8,21.625,23.75,3,5,0,8,22.625,17.75,6,2,0,16,22.125,20.75,9,7,0,0.5625,2017,DAL
8,21.125,20.75,4,4,0,8,14.0,28.375,2,6,0,16,17.5625,24.5625,6,10,0,0.375,2017,MIA
8,24.75,12.5,7,1,0,8,23.0,19.0,6,2,0,16,23.875,15.75,13,3,0,0.8125,2017,MIN
8,21.5,19.875,4,4,0,8,14.625,27.875,1,7,0,16,18.0625,23.875,5,11,0,0.3125,2017,DEN
8,17.25,21.5,3,5,0,8,15.625,29.0,1,7,0,16,16.4375,25.25,4,12,0,0.25,2017,IND
8,24.125,16.875,6,2,0,8,27.75,25.5,4,4,0,16,25.9375,21.1875,10,6,0,0.625,2017,KC
8,30.125,22.5,7,1,0,8,25.875,18.25,4,4,0,16,28.0,20.375,11,5,0,0.6875,2017,NO
8,28.25,23.375,6,2,0,8,22.5,15.125,7,1,0,16,25.375,19.25,13,3,0,0.8125,2017,PIT
8,19.875,18.5,4,4,0,8,22.0,29.25,1,7,0,16,20.9375,23.875,5,11,0,0.3125,2017,TB
8,24.25,21.25,6,2,0,8,21.125,19.625,5,3,0,16,22.6875,20.4375,11,5,0,0.6875,2017,CAR
8,28.125,17.0,6,2,0,8,24.0,16.5,4,4,0,16,26.0625,16.75,10,6,0,0.625,2017,JAX
8,26.75,18.25,5,3,0,8,22.625,19.625,4,4,0,16,24.6875,18.9375,9,7,0,0.5625,2017,BAL
8,22.375,22.625,4,4,0,8,15.25,24.0,2,6,0,16,18.8125,23.3125,6,10,0,0.375,2017,OAK
8,25.625,15.75,5,3,0,8,18.75,18.25,4,4,0,16,22.1875,17.0,9,7,0,0.5625,2017,LAC
8,24.875,24.25,4,4,0,8,20.875,17.25,5,3,0,16,22.875,20.75,9,7,0,0.5625,2017,SEA
8,22.5,16.75,5,3,0,8,21.625,22.625,5,3,0,16,22.0625,19.6875,10,6,0,0.625,2017,ATL
8,15.625,26.125,2,6,0,8,15.125,22.375,1,7,0,16,15.375,24.25,3,13,0,0.1875,2017,NYG
8,23.25,22.0,4,4,0,8,14.0,25.75,1,7,0,16,18.625,23.875,5,11,0,0.3125,2017,NYJ
8,28.625,13.375,7,1,0,8,28.5,23.5,6,2,0,16,28.5625,18.4375,13,3,0,0.8125,2017,PHI
8,20.875,20.125,5,3,0,8,16.0,25.0,3,5,0,16,18.4375,22.5625,8,8,0,0.5,2017,ARI
8,22.625,20.5,5,3,0,8,23.25,23.0,4,4,0,16,22.9375,21.75,9,7,0,0.5625,2018,PHI
8,21.125,22.0,5,2,1,8,23.75,27.0,2,6,0,16,22.4375,24.5,7,8,1,0.46875,2018,CLE
8,29.875,20.375,6,2,0,8,24.25,22.625,4,4,0,16,27.0625,21.5,10,6,0,0.625,2018,IND
8,22.75,21.625,6,2,0,8,17.125,32.5,1,7,0,16,19.9375,27.0625,7,9,0,0.4375,2018,MIA
8,22.0,19.625,5,3,0,8,23.0,23.0,3,4,1,16,22.5,21.3125,8,7,1,0.53125,2018,MIN
8,32.875,16.625,8,0,0,8,21.625,24.0,3,5,0,16,27.25,20.3125,11,5,0,0.6875,2018,NE
8,34.125,25.625,6,2,0,8,28.875,18.5,7,1,0,16,31.5,22.0625,13,3,0,0.8125,2018,NO
8,20.25,27.75,2,6,0,8,25.875,23.75,3,5,0,16,23.0625,25.75,5,11,0,0.3125,2018,NYG
8,27.125,17.25,6,2,0,8,21.5,18.625,4,4,0,16,24.3125,17.9375,10,6,0,0.625,2018,BAL
8,25.75,21.25,5,3,0,8,27.75,19.875,7,1,0,16,26.75,20.5625,12,4,0,0.75,2018,LAC
8,19.5,21.125,3,5,0,8,21.625,22.5,3,5,0,16,20.5625,21.8125,6,10,0,0.375,2018,DEN
8,12.25,23.875,1,7,0,8,15.875,29.25,2,6,0,16,14.0625,26.5625,3,13,0,0.1875,2018,ARI
8,25.5,21.875,5,3,0,8,21.5,25.875,2,6,0,16,23.5,23.875,7,9,0,0.4375,2018,CAR
8,23.75,20.625,5,2,1,8,23.25,29.375,1,7,0,16,23.5,25.0,6,9,1,0.40625,2018,GB
8,18.625,26.0,3,5,0,8,21.875,19.0,3,5,0,16,20.25,22.5,6,10,0,0.375,2018,DET
8,22.375,29.875,3,5,0,8,13.875,28.5,1,7,0,16,18.125,29.1875,4,12,0,0.25,2018,OAK
8,24.125,28.5,4,4,0,8,21.875,28.375,2,6,0,16,23.0,28.4375,6,10,0,0.375,2018,CIN
8,29.5,26.875,4,4,0,8,22.25,26.0,3,5,0,16,25.875,26.4375,7,9,0,0.4375,2018,ATL
8,18.875,23.375,4,4,0,8,14.75,23.375,2,6,0,16,16.8125,23.375,6,10,0,0.375,2018,BUF
8,22.25,18.875,6,2,0,8,16.5,19.0,3,5,0,16,19.375,18.9375,9,7,0,0.5625,2018,TEN
8,23.5,31.0,2,6,0,8,18.125,24.125,2,6,0,16,20.8125,27.5625,4,12,0,0.25,2018,NYJ
8,30.0,22.5,5,3,0,8,23.5,22.5,4,3,1,16,26.75,22.5,9,6,1,0.59375,2018,PIT
8,22.5,22.25,4,4,0,8,27.0,35.75,1,7,0,16,24.75,29.0,5,11,0,0.3125,2018,TB
8,21.25,21.875,4,4,0,8,21.5,32.5,0,8,0,16,21.375,27.1875,4,12,0,0.25,2018,SF
8,16.0,15.125,3,5,0,8,14.625,24.375,2,6,0,16,15.3125,19.75,5,11,0,0.3125,2018,JAX
8,25.0,18.5,7,1,0,8,17.375,22.0,3,5,0,16,21.1875,20.25,10,6,0,0.625,2018,DAL
8,28.125,17.5,7,1,0,8,24.5,17.875,5,3,0,16,26.3125,17.6875,12,4,0,0.75,2018,CHI
8,32.375,18.0,7,1,0,8,38.25,34.625,5,3,0,16,35.3125,26.3125,12,4,0,0.75,2018,KC
8,25.875,17.0,6,2,0,8,24.375,22.5,5,3,0,16,25.125,19.75,11,5,0,0.6875,2018,HOU
8,28.5,21.625,6,2,0,8,25.0,21.75,4,4,0,16,26.75,21.6875,10,6,0,0.625,2018,SEA
8,16.625,18.25,4,4,0,8,18.375,19.0,4,4,0,16,17.5,18.625,8,8,0,0.5,2019,CHI
8,22.125,24.0,4,4,0,8,19.75,25.125,2,6,0,16,20.9375,24.5625,6,10,0,0.375,2019,CLE
8,19.625,33.75,3,5,0,8,18.625,28.0,2,6,0,16,19.125,30.875,5,11,0,0.3125,2019,MIA
8,24.375,16.125,6,2,0,8,26.5,21.75,4,4,0,16,25.4375,18.9375,10,6,0,0.625,2019,MIN
8,18.625,19.5,5,3,0,8,15.875,25.375,2,6,0,16,17.25,22.4375,7,9,0,0.4375,2019,NYJ
8,21.0,16.75,5,3,0,8,27.125,27.5,4,4,0,16,24.0625,22.125,9,7,0,0.5625,2019,PHI
8,20.375,28.375,2,6,0,8,22.125,30.375,3,5,0,16,21.25,29.375,5,11,0,0.3125,2019,CAR
8,17.875,24.25,3,5,0,8,19.625,25.375,3,5,0,16,18.75,24.8125,6,10,0,0.375,2019,JAX
8,18.75,24.125,2,6,0,8,23.375,19.0,3,5,0,16,21.0625,21.5625,5,11,0,0.3125,2019,LAC
8,25.625,28.625,4,4,0,8,25.0,21.125,7,1,0,16,25.3125,24.875,11,5,0,0.6875,2019,SEA
8,32.125,19.75,5,3,0,8,22.125,20.375,3,5,0,16,27.125,20.0625,8,8,0,0.5,2019,DAL
8,22.25,29.25,2,5,1,8,22.875,26.0,3,5,0,16,22.5625,27.625,5,10,1,0.34375,2019,ARI
8,25.125,30.875,2,6,0,8,32.125,25.25,5,3,0,16,28.625,28.0625,7,9,0,0.4375,2019,TB
8,25.25,15.0,6,2,0,8,27.25,13.125,6,2,0,16,26.25,14.0625,12,4,0,0.75,2019,NE
8,28.375,22.875,6,2,0,8,28.875,19.75,7,1,0,16,28.625,21.3125,13,3,0,0.8125,2019,NO
8,21.125,23.125,5,3,0,8,18.0,29.25,2,6,0,16,19.5625,26.1875,7,9,0,0.4375,2019,OAK
8,18.5,27.75,2,6,0,8,16.375,24.75,0,8,0,16,17.4375,26.25,2,14,0,0.125,2019,CIN
8,23.5,29.0,2,6,0,8,19.125,23.875,1,6,1,16,21.3125,26.4375,3,12,1,0.21875,2019,DET
8,25.625,19.5,7,1,0,8,21.375,19.625,6,2,0,16,23.5,19.5625,13,3,0,0.8125,2019,GB
8,25.0,23.75,4,4,0,8,25.25,17.625,5,3,0,16,25.125,20.6875,9,7,0,0.5625,2019,TEN
8,19.125,26.0,2,6,0,8,23.5,30.375,2,6,0,16,21.3125,28.1875,4,12,0,0.25,2019,NYG
8,22.0,17.125,5,3,0,8,14.125,20.75,3,5,0,16,18.0625,18.9375,8,8,0,0.5,2019,PIT
8,29.875,18.625,7,1,0,8,36.5,16.625,7,1,0,16,33.1875,17.625,14,2,0,0.875,2019,BAL
8,23.625,24.5,5,3,0,8,23.625,23.625,5,3,0,16,23.625,24.0625,10,6,0,0.625,2019,HOU
8,18.75,17.875,5,3,0,8,16.5,21.625,2,6,0,16,17.625,19.75,7,9,0,0.4375,2019,DEN
8,21.0,25.125,3,5,0,8,26.625,24.75,4,4,0,16,23.8125,24.9375,7,9,0,0.4375,2019,ATL
8,17.75,16.75,4,4,0,8,21.5,15.625,6,2,0,16,19.625,16.1875,10,6,0,0.625,2019,BUF
8,24.5,19.625,5,3,0,8,20.625,27.0,2,6,0,16,22.5625,23.3125,7,9,0,0.4375,2019,IND
8,26.75,20.625,5,3,0,8,29.625,17.875,7,1,0,16,28.1875,19.25,12,4,0,0.75,2019,KC
8,32.375,19.625,6,2,0,8,27.5,19.125,7,1,0,16,29.9375,19.375,13,3,0,0.8125,2019,SF
8,27.5,22.25,6,2,0,8,31.625,23.0,8,0,0,16,29.5625,22.625,14,2,0,0.875,2020,KC
8,26.125,24.875,2,6,0,8,23.375,26.875,2,6,0,16,24.75,25.875,4,12,0,0.25,2020,ATL
8,32.0,23.5,7,1,0,8,30.625,23.375,6,2,0,16,31.3125,23.4375,13,3,0,0.8125,2020,BUF
8,24.25,35.75,1,7,0,8,22.875,29.125,4,4,0,16,23.5625,32.4375,5,11,0,0.3125,2020,DET
8,28.875,31.125,3,5,0,8,24.875,28.25,4,4,0,16,26.875,29.6875,7,9,0,0.4375,2020,MIN
8,19.375,21.0,5,3,0,8,21.375,23.125,2,6,0,16,20.375,22.0625,7,9,0,0.4375,2020,NE
8,21.375,26.75,2,6,0,8,22.375,23.5,3,5,0,16,21.875,25.125,5,11,0,0.3125,2020,CAR
8,17.0,29.75,1,7,0,8,21.25,31.75,0,8,0,16,19.125,30.75,1,15,0,0.0625,2020,JAX
8,29.25,18.125,5,3,0,8,29.25,19.75,6,2,0,16,29.25,18.9375,11,5,0,0.6875,2020,BAL
8,20.625,25.25,3,5,0,8,18.25,27.75,1,6,1,16,19.4375,26.5,4,11,1,0.28125,2020,CIN
8,31.625,24.75,6,2,0,8,28.625,17.375,6,2,0,16,30.125,21.0625,12,4,0,0.75,2020,NO
8,20.0,28.125,1,7,0,8,27.0,20.625,5,3,0,16,23.5,24.375,6,10,0,0.375,2020,SF
8,16.375,23.5,3,5,0,8,18.625,21.125,3,5,0,16,17.5,22.3125,6,10,0,0.375,2020,NYG
8,18.0,30.125,2,6,0,8,22.375,25.625,3,5,0,16,20.1875,27.875,5,11,0,0.3125,2020,DEN
8,25.625,22.75,6,2,0,8,25.375,29.625,5,3,0,16,25.5,26.1875,11,5,0,0.6875,2020,CLE
8,20.75,21.5,3,5,0,8,25.75,24.75,5,3,0,16,23.25,23.125,8,8,0,0.5,2020,CHI
8,29.75,34.375,4,4,0,8,19.625,24.75,2,6,0,16,24.6875,29.5625,6,10,0,0.375,2020,DAL
8,31.625,19.5,7,1,0,8,32.0,26.625,6,2,0,16,31.8125,23.0625,13,3,0,0.8125,2020,GB
8,32.875,28.25,5,3,0,8,28.5,26.625,6,2,0,16,30.6875,27.4375,11,5,0,0.6875,2020,TEN
8,27.5,22.375,6,2,0,8,28.875,22.875,5,3,0,16,28.1875,22.625,11,5,0,0.6875,2020,IND
8,25.0,19.0,5,3,0,8,25.5,23.25,5,3,0,16,25.25,21.125,10,6,0,0.625,2020,MIA
8,17.75,26.625,1,7,0,8,12.625,30.5,1,7,0,16,15.1875,28.5625,2,14,0,0.125,2020,NYJ
8,21.25,23.0,3,4,1,8,20.5,29.25,1,7,0,16,20.875,26.125,4,11,1,0.28125,2020,PHI
8,28.75,18.625,7,1,0,8,23.25,20.375,5,3,0,16,26.0,19.5,12,4,0,0.75,2020,PIT
8,28.5,23.875,5,3,0,8,33.0,20.5,6,2,0,16,30.75,22.1875,11,5,0,0.6875,2020,TB
8,28.25,27.875,4,4,0,8,23.0,18.0,4,4,0,16,25.625,22.9375,8,8,0,0.5,2020,ARI
8,21.75,26.25,4,4,0,8,26.25,27.0,3,5,0,16,24.0,26.625,7,9,0,0.4375,2020,LAC
8,25.625,29.625,2,6,0,8,22.375,28.375,2,6,0,16,24.0,29.0,4,12,0,0.25,2020,HOU
8,29.625,20.5,7,1,0,8,27.75,25.875,5,3,0,16,28.6875,23.1875,12,4,0,0.75,2020,SEA
8,28.0,30.75,2,6,0,8,26.25,29.0,6,2,0,16,27.125,29.875,8,8,0,0.5,2020,LV
8,33.25,17.125,7,1,0,9,27.22222222222222,24.0,6,3,0,17,30.058823529411764,20.764705882352942,13,4,0,0.7647058823529411,2021,TB
8,16.625,25.75,2,6,0,9,20.0,28.11111111111111,5,4,0,17,18.41176470588235,27.0,7,10,0,0.4117647058823529,2021,ATL
9,26.333333333333332,16.555555555555557,6,3,0,8,30.75,17.5,5,3,0,17,28.41176470588235,17.0,11,6,0,0.6470588235294118,2021,BUF
9,27.77777777777778,26.666666666666668,5,4,0,8,26.25,17.0,5,3,0,17,27.058823529411764,22.11764705882353,10,7,0,0.5882352941176471,2021,CIN
8,22.125,27.875,3,5,0,9,16.444444444444443,27.11111111111111,0,8,1,17,19.11764705882353,27.470588235294116,3,13,1,0.20588235294117646,2021,DET
9,23.22222222222222,16.77777777777778,7,2,0,8,26.25,25.375,5,3,0,17,24.647058823529413,20.823529411764707,12,5,0,0.7058823529411765,2021,TEN
9,27.555555555555557,24.11111111111111,4,5,0,8,25.375,18.5,5,3,0,17,26.529411764705884,21.470588235294116,9,8,0,0.5294117647058824,2021,IND
8,18.125,23.5,2,6,0,9,17.666666666666668,24.0,3,6,0,17,17.88235294117647,23.764705882352942,5,12,0,0.29411764705882354,2021,CAR
9,20.333333333333332,27.77777777777778,2,7,0,8,12.125,25.25,2,6,0,17,16.470588235294116,26.58823529411765,4,13,0,0.23529411764705882,2021,HOU
9,26.11111111111111,17.555555555555557,7,2,0,8,30.625,25.75,5,3,0,17,28.235294117647058,21.41176470588235,12,5,0,0.7058823529411765,2021,KC
9,31.22222222222222,19.444444444444443,4,5,0,8,22.625,16.0,6,2,0,17,27.176470588235293,17.823529411764707,10,7,0,0.5882352941176471,2021,NE
8,20.5,21.5,3,5,0,9,22.22222222222222,18.11111111111111,6,3,0,17,21.41176470588235,19.705882352941178,9,8,0,0.5294117647058824,2021,NO
8,14.0,18.875,3,5,0,9,16.22222222222222,29.444444444444443,1,8,0,17,15.176470588235293,24.470588235294116,4,13,0,0.23529411764705882,2021,NYG
9,22.22222222222222,25.77777777777778,5,4,0,8,21.75,25.875,5,3,0,17,22.0,25.823529411764707,10,7,0,0.5882352941176471,2021,LV
8,19.125,19.625,3,5,0,9,17.555555555555557,27.77777777777778,3,6,0,17,18.294117647058822,23.941176470588236,6,11,0,0.35294117647058826,2021,CHI
9,18.88888888888889,17.444444444444443,6,3,0,8,22.375,26.75,2,6,0,17,20.529411764705884,21.823529411764707,8,9,0,0.47058823529411764,2021,CLE
9,22.333333333333332,19.77777777777778,6,3,0,8,17.5,24.375,3,5,0,17,20.058823529411764,21.941176470588236,9,8,0,0.5294117647058824,2021,MIA
9,19.77777777777778,29.0,3,6,0,8,16.5,30.375,1,7,0,17,18.235294117647058,29.647058823529413,4,13,0,0.23529411764705882,2021,NYJ
8,26.75,27.625,3,5,0,9,25.555555555555557,18.22222222222222,6,3,0,17,26.11764705882353,22.647058823529413,9,8,0,0.5294117647058824,2021,PHI
9,20.77777777777778,19.77777777777778,6,2,1,8,19.5,27.5,3,5,0,17,20.176470588235293,23.41176470588235,9,7,1,0.5588235294117647,2021,PIT
9,16.555555555555557,23.22222222222222,3,6,0,8,13.0,31.0,0,8,0,17,14.882352941176471,26.88235294117647,3,14,0,0.17647058823529413,2021,JAX
8,22.75,24.5,3,5,0,9,29.666666666666668,18.88888888888889,8,1,0,17,26.41176470588235,21.529411764705884,11,6,0,0.6470588235294118,2021,ARI
9,30.666666666666668,26.11111111111111,5,4,0,8,24.75,28.0,4,4,0,17,27.88235294117647,27.0,9,8,0,0.5294117647058824,2021,LAC
8,25.75,22.375,3,5,0,9,21.0,20.77777777777778,4,5,0,17,23.235294117647058,21.529411764705884,7,10,0,0.4117647058823529,2021,SEA
9,25.555555555555557,23.88888888888889,5,4,0,8,19.625,22.125,3,5,0,17,22.764705882352942,23.058823529411764,8,9,0,0.47058823529411764,2021,BAL
8,30.625,16.75,8,0,0,9,22.77777777777778,26.333333333333332,5,4,0,17,26.470588235294116,21.823529411764707,13,4,0,0.7647058823529411,2021,GB
9,20.77777777777778,18.11111111111111,4,5,0,8,18.5,19.875,3,5,0,17,19.705882352941178,18.941176470588236,7,10,0,0.4117647058823529,2021,DEN
8,24.5,21.75,5,3,0,9,25.444444444444443,28.0,3,6,0,17,25.0,25.058823529411764,8,9,0,0.47058823529411764,2021,MIN
8,25.375,21.875,4,4,0,9,24.88888888888889,21.11111111111111,6,3,0,17,25.11764705882353,21.470588235294116,10,7,0,0.5882352941176471,2021,SF
8,36.375,22.125,5,3,0,9,26.555555555555557,20.11111111111111,7,2,0,17,31.176470588235293,21.058823529411764,12,5,0,0.7058823529411765,2021,DAL
9,24.88888888888889,21.555555555555557,6,3,0,8,17.625,24.0,1,7,0,17,21.470588235294116,22.705882352941178,7,10,0,0.4117647058823529,2022,ATL
9,19.555555555555557,25.0,2,7,0,8,18.75,29.75,1,7,0,17,19.176470588235293,27.235294117647058,3,14,0,0.17647058823529413,2022,CHI
7,28.714285714285715,18.0,6,1,0,9,24.11111111111111,21.77777777777778,6,3,0,16,26.125,20.125,12,4,0,0.75,2022,CIN
9,33.111111111111114,25.333333333333332,5,4,0,8,19.375,24.875,4,4,0,17,26.647058823529413,25.11764705882353,9,8,0,0.5294117647058824,2022,DET
8,21.625,15.5,6,2,0,9,24.88888888888889,30.555555555555557,3,6,0,17,23.352941176470587,23.470588235294116,9,8,0,0.5294117647058824,2022,MIA
8,18.625,19.5,3,5,0,9,16.333333333333332,17.77777777777778,4,5,0,17,17.41176470588235,18.58823529411765,7,10,0,0.4117647058823529,2022,NYJ
9,22.11111111111111,19.77777777777778,5,4,0,8,18.5,24.5,2,6,0,17,20.41176470588235,22.0,7,10,0,0.4117647058823529,2022,CAR
8,15.25,26.375,0,7,1,9,18.555555555555557,23.22222222222222,3,6,0,17,17.0,24.705882352941178,3,13,1,0.20588235294117646,2022,HOU
8,18.125,20.625,3,5,0,9,17.0,21.555555555555557,4,5,0,17,17.529411764705884,21.11764705882353,7,10,0,0.4117647058823529,2022,TEN
9,27.0,25.22222222222222,8,1,0,8,22.625,25.0,5,3,0,17,24.941176470588236,25.11764705882353,13,4,0,0.7647058823529411,2022,MIN
9,19.555555555555557,28.666666666666668,1,8,0,8,20.5,23.875,3,5,0,17,20.0,26.41176470588235,4,13,0,0.23529411764705882,2022,ARI
8,21.75,22.625,5,3,0,9,24.11111111111111,22.555555555555557,5,4,0,17,23.0,22.58823529411765,10,7,0,0.5882352941176471,2022,LAC
9,30.0,19.666666666666668,8,1,0,8,24.625,20.625,4,4,0,17,27.470588235294116,20.11764705882353,12,5,0,0.7058823529411765,2022,DAL
9,22.11111111111111,19.77777777777778,5,4,0,8,26.0,27.875,4,4,0,17,23.941176470588236,23.58823529411765,9,8,0,0.5294117647058824,2022,SEA
8,25.125,19.375,7,1,0,9,32.77777777777778,23.77777777777778,7,2,0,17,29.176470588235293,21.705882352941178,14,3,0,0.8235294117647058,2022,KC
8,22.5,20.75,4,4,0,9,20.11111111111111,23.88888888888889,3,6,0,17,21.235294117647058,22.41176470588235,7,10,0,0.4117647058823529,2022,CLE
9,21.333333333333332,20.555555555555557,4,5,0,8,17.25,20.0,3,5,0,17,19.41176470588235,20.294117647058822,7,10,0,0.4117647058823529,2022,NO
9,22.333333333333332,21.77777777777778,5,3,1,8,20.5,21.875,4,4,0,17,21.470588235294116,21.823529411764707,9,7,1,0.5588235294117647,2022,NYG
8,19.875,18.25,4,4,0,9,16.555555555555557,22.22222222222222,5,4,0,17,18.11764705882353,20.352941176470587,9,8,0,0.5294117647058824,2022,PIT
8,22.375,19.25,5,3,0,9,25.0,21.77777777777778,4,5,0,17,23.764705882352942,20.58823529411765,9,8,0,0.5294117647058824,2022,JAX
8,19.125,17.375,5,3,0,9,21.88888888888889,19.555555555555557,5,4,0,17,20.58823529411765,18.529411764705884,10,7,0,0.5882352941176471,2022,BAL
9,28.0,14.777777777777779,8,1,0,8,24.75,18.0,5,3,0,17,26.470588235294116,16.294117647058822,13,4,0,0.7647058823529411,2022,SF
8,18.0,18.25,4,4,0,9,15.88888888888889,23.666666666666668,1,8,0,17,16.88235294117647,21.11764705882353,5,12,0,0.29411764705882354,2022,DEN
8,27.125,26.125,4,4,0,9,19.77777777777778,23.22222222222222,2,7,0,17,23.235294117647058,24.58823529411765,6,11,0,0.35294117647058826,2022,LV
9,23.88888888888889,21.333333333333332,5,4,0,8,19.375,22.375,3,5,0,17,21.764705882352942,21.823529411764707,8,9,0,0.47058823529411764,2022,GB
8,31.75,18.375,7,1,0,8,25.125,17.375,6,2,0,16,28.4375,17.875,13,3,0,0.8125,2022,BUF
9,26.88888888888889,18.77777777777778,7,2,0,8,29.375,21.875,7,1,0,17,28.058823529411764,20.235294117647058,14,3,0,0.8235294117647058,2022,PHI
8,19.25,22.25,2,6,0,9,15.0,27.666666666666668,2,6,1,17,17.0,25.11764705882353,4,12,1,0.2647058823529412,2022,IND
8,19.5,17.875,4,4,0,9,23.11111111111111,22.666666666666668,4,5,0,17,21.41176470588235,20.41176470588235,8,9,0,0.47058823529411764,2022,NE
9,21.444444444444443,22.22222222222222,5,4,0,8,15.0,19.75,3,5,0,17,18.41176470588235,21.058823529411764,8,9,0,0.47058823529411764,2022,TB
9,22.77777777777778,16.444444444444443,5,4,0,8,20.75,18.25,6,2,0,17,21.823529411764707,17.294117647058822,11,6,0,0.6470588235294118,2023,KC
8,24.0,20.25,5,3,0,9,14.333333333333334,23.444444444444443,2,7,0,17,18.88235294117647,21.941176470588236,7,10,0,0.4117647058823529,2023,ATL
9,22.333333333333332,13.88888888888889,8,1,0,8,24.375,29.625,3,5,0,17,23.294117647058822,21.294117647058822,11,6,0,0.6470588235294118,2023,CLE
9,25.666666666666668,25.444444444444443,4,5,0,8,20.625,23.25,5,3,0,17,23.294117647058822,24.41176470588235,9,8,0,0.5294117647058824,2023,IND
8,19.25,23.25,2,6,0,9,21.11111111111111,19.555555555555557,5,4,0,17,20.235294117647058,21.294117647058822,7,10,0,0.4117647058823529,2023,MIN
8,25.125,18.875,5,3,0,9,22.333333333333332,19.555555555555557,4,5,0,17,23.647058823529413,19.235294117647058,9,8,0,0.5294117647058824,2023,NO
9,18.333333333333332,19.22222222222222,5,4,0,8,17.375,18.875,5,3,0,17,17.88235294117647,19.058823529411764,10,7,0,0.5882352941176471,2023,PIT
9,31.88888888888889,17.77777777777778,6,3,0,8,24.5,15.0,7,1,0,17,28.41176470588235,16.470588235294116,13,4,0,0.7647058823529411,2023,BAL
8,24.875,19.875,5,3,0,9,17.88888888888889,24.444444444444443,2,7,0,17,21.176470588235293,22.294117647058822,7,10,0,0.4117647058823529,2023,CHI
9,22.444444444444443,19.555555555555557,5,4,0,8,19.375,29.625,3,5,0,17,21.0,24.294117647058822,8,9,0,0.47058823529411764,2023,DEN
9,12.11111111111111,20.88888888888889,1,8,0,8,15.875,22.25,3,5,0,17,13.882352941176471,21.529411764705884,4,13,0,0.23529411764705882,2023,NE
9,21.555555555555557,23.11111111111111,2,7,0,8,19.0,23.75,3,5,0,17,20.352941176470587,23.41176470588235,5,12,0,0.29411764705882354,2023,LAC
8,22.375,23.875,5,3,0,9,20.555555555555557,23.444444444444443,4,5,0,17,21.41176470588235,23.647058823529413,9,8,0,0.5294117647058824,2023,SEA
8,14.125,18.625,4,4,0,9,17.0,28.666666666666668,2,7,0,17,15.647058823529411,23.941176470588236,6,11,0,0.35294117647058826,2023,NYG
9,17.666666666666668,19.555555555555557,4,5,0,8,13.625,22.375,3,5,0,17,15.764705882352942,20.88235294117647,7,10,0,0.4117647058823529,2023,NYJ
8,30.875,29.375,6,2,0,9,20.666666666666668,21.444444444444443,5,4,0,17,25.470588235294116,25.176470588235293,11,6,0,0.6470588235294118,2023,PHI
9,28.444444444444443,15.88888888888889,7,2,0,8,24.375,21.0,4,4,0,17,26.529411764705884,18.294117647058822,11,6,0,0.6470588235294118,2023,BUF
9,23.666666666666668,19.11111111111111,6,3,0,8,19.125,26.5,3,5,0,17,21.529411764705884,22.58823529411765,9,8,0,0.5294117647058824,2023,CIN
8,30.5,21.625,6,2,0,9,24.11111111111111,24.666666666666668,6,3,0,17,27.11764705882353,23.235294117647058,12,5,0,0.7058823529411765,2023,DET
9,22.666666666666668,19.333333333333332,5,4,0,8,12.625,24.125,1,7,0,17,17.941176470588236,21.58823529411765,6,11,0,0.35294117647058826,2023,TEN
8,17.625,17.125,4,4,0,9,23.0,20.88888888888889,5,4,0,17,20.470588235294116,19.11764705882353,9,8,0,0.5294117647058824,2023,TB
9,20.77777777777778,20.666666666666668,4,5,0,8,23.75,23.125,5,3,0,17,22.176470588235293,21.823529411764707,9,8,0,0.5294117647058824,2023,JAX
9,24.555555555555557,20.333333333333332,6,3,0,8,19.5,21.25,4,4,0,17,22.176470588235293,20.764705882352942,10,7,0,0.5882352941176471,2023,HOU
8,23.5,29.75,2,6,0,9,15.777777777777779,24.11111111111111,2,7,0,17,19.41176470588235,26.764705882352942,4,13,0,0.23529411764705882,2023,ARI
8,37.375,15.875,8,0,0,9,23.333333333333332,20.88888888888889,4,5,0,17,29.941176470588236,18.529411764705884,12,5,0,0.7058823529411765,2023,DAL
8,13.375,20.375,2,6,0,9,14.333333333333334,28.11111111111111,0,9,0,17,13.882352941176471,24.470588235294116,2,15,0,0.11764705882352941,2023,CAR
8,27.25,19.125,5,3,0,9,30.333333333333332,16.11111111111111,7,2,0,17,28.88235294117647,17.529411764705884,12,5,0,0.7058823529411765,2023,SF
8,19.375,20.0,5,3,0,9,25.333333333333332,21.11111111111111,4,5,0,17,22.529411764705884,20.58823529411765,9,8,0,0.5294117647058824,2023,GB
9,31.88888888888889,17.333333333333332,7,2,0,8,26.125,29.375,4,4,0,17,29.176470588235293,23.0,11,6,0,0.6470588235294118,2023,MIA
9,23.22222222222222,15.555555555555555,6,3,0,8,15.375,23.875,2,6,0,17,19.529411764705884,19.470588235294116,8,9,0,0.47058823529411764,2023,LV
